Trajectory Recorded at ,Thu Oct 29 17:15:06 2020,Duration: 13.6052s

Time Stamp,Time Stamp,Position,Position,Position,Position,Position,Position,Velocity,Velocity,Velocity,Velocity,Velocity,Velocity
seconds,nseconds,shoulder_pan_joint,shoulder_lift_joint,elbow_joint,wrist_1_joint,wrist_2_joint,wrist_3_joint,shoulder_pan_joint,shoulder_lift_joint,elbow_joint,wrist_1_joint,wrist_2_joint,wrist_3_joint,
0,0,0.0289639,-0.869694,-1.91935,0.000119686,-0.00287962,8.86917e-05,0,0,0,0,0,0,
0,0,0.0289658,-0.869693,-1.91935,0.000119686,-0.0028801,8.86917e-05,0,0,0,0,0,0,
0,0,0.0289677,-0.869693,-1.91935,0.000119686,-0.00288057,8.86917e-05,0,0,0,0,0,0,
0,0,0.0289696,-0.869692,-1.91935,0.000119448,-0.00288105,8.86917e-05,0,0,0,0,0,0,
0,0,0.0289715,-0.869692,-1.91935,0.000119448,-0.00288153,8.86917e-05,0,0,0,0,0,0,
0,0,0.0289734,-0.869691,-1.91935,0.000119448,-0.002882,8.86917e-05,0,0,0,0,0,0,
0,0,0.0289753,-0.869691,-1.91935,0.000119448,-0.00288248,8.86917e-05,0,0,0,0,0,0,
0,0,0.0289773,-0.86969,-1.91935,0.000119448,-0.00288296,8.86917e-05,0,0,0,0,0,0,
0,0,0.0289792,-0.86969,-1.91935,0.000119686,-0.00288343,8.86917e-05,0,0,0,0,0,0,
0,0,0.0289811,-0.869689,-1.91935,0.000119686,-0.00288391,8.86917e-05,0,0,0,0,0,0,
0,0,0.028983,-0.869688,-1.91935,0.000119925,-0.00288439,8.86917e-05,0,0,0,0,0,0,
0,0,0.0289849,-0.869688,-1.91935,0.000119925,-0.00288486,8.86917e-05,0,0,0,0,0,0,
0,0,0.0289868,-0.869687,-1.91935,0.000119925,-0.00288534,8.86917e-05,0,0,0,0,0,0,
0,0,0.0289887,-0.869687,-1.91935,0.000119925,-0.00288582,8.86917e-05,0,0,0,0,0,0,
0,0,0.0289906,-0.869687,-1.91935,0.000120163,-0.0028863,8.86917e-05,0,0,0,0,0,0,
0,0,0.0289925,-0.869686,-1.91935,0.000120163,-0.00288677,8.86917e-05,0,0,0,0,0,0,
0,0,0.0289944,-0.869686,-1.91935,0.000120163,-0.00288725,8.86917e-05,0,0,0,0,0,0,
0,0,0.0289963,-0.869685,-1.91935,0.000120163,-0.00288773,8.86917e-05,0,0,0,0,0,0,
0,0,0.0289982,-0.869685,-1.91935,0.000120163,-0.0028882,8.86917e-05,0,0,0,0,0,0,
0,0,0.0290001,-0.869684,-1.91935,0.000120163,-0.00288868,8.86917e-05,0,0,0,0,0,0,
0,0,0.029002,-0.869684,-1.91935,0.000120163,-0.00288916,8.86917e-05,0,0,0,0,0,0,
0,0,0.029004,-0.869683,-1.91935,0.000120163,-0.00288963,8.86917e-05,0,0,0,0,0,0,
0,0,0.0290059,-0.869683,-1.91935,0.000120401,-0.00289011,8.86917e-05,0,0,0,0,0,0,
0,0,0.0290078,-0.869682,-1.91935,0.000120401,-0.00289059,8.86917e-05,0,0,0,0,0,0,
0,0,0.0290097,-0.869682,-1.91935,0.000120401,-0.00289106,8.86917e-05,0,0,0,0,0,0,
0,0,0.0290116,-0.869681,-1.91935,0.000120401,-0.00289154,8.86917e-05,0,0,0,0,0,0,
0,0,0.0290135,-0.869681,-1.91935,0.000120401,-0.00289202,8.86917e-05,0,0,0,0,0,0,
0,0,0.0290154,-0.86968,-1.91935,0.000120401,-0.00289249,8.86917e-05,0,0,0,0,0,0,
0,0,0.0290173,-0.86968,-1.91935,0.00012064,-0.00289297,8.86917e-05,0,0,0,0,0,0,
0,0,0.0290192,-0.869679,-1.91935,0.00012064,-0.00289345,8.86917e-05,0,0,0,0,0,0,
0,0,0.0290211,-0.869679,-1.91935,0.00012064,-0.00289392,8.86917e-05,0,0,0,0,0,0,
0,0,0.029023,-0.869678,-1.91935,0.00012064,-0.0028944,8.86917e-05,0,0,0,0,0,0,
0,0,0.0290249,-0.869678,-1.91935,0.000120878,-0.00289488,8.86917e-05,0,0,0,0,0,0,
0,0,0.0290268,-0.869677,-1.91935,0.000120878,-0.00289536,8.86917e-05,0,0,0,0,0,0,
0,0,0.0290288,-0.869677,-1.91935,0.000120878,-0.00289583,8.86917e-05,0,0,0,0,0,0,
0,0,0.0290307,-0.869676,-1.91935,0.000120878,-0.00289631,8.86917e-05,0,0,0,0,0,0,
0,0,0.0290326,-0.869676,-1.91935,0.000120878,-0.00289679,8.86917e-05,0,0,0,0,0,0,
0,0,0.0290345,-0.869675,-1.91935,0.000121117,-0.00289726,8.86917e-05,0,0,0,0,0,0,
0,0,0.0290364,-0.869675,-1.91935,0.000121355,-0.00289774,8.86917e-05,0,0,0,0,0,0,
0,0,0.0290383,-0.869674,-1.91935,0.000121117,-0.00289822,8.86917e-05,0,0,0,0,0,0,
0,0,0.0290402,-0.869674,-1.91935,0.000121117,-0.00289869,8.86917e-05,0,0,0,0,0,0,
0,0,0.0290421,-0.869673,-1.91935,0.000121117,-0.00289917,8.86917e-05,0,0,0,0,0,0,
0,0,0.029044,-0.869673,-1.91935,0.000120878,-0.00289965,8.86917e-05,0,0,0,0,0,0,
0,0,0.0290459,-0.869672,-1.91935,0.000120878,-0.00290012,8.86917e-05,0,0,0,0,0,0,
0,0,0.0290478,-0.869672,-1.91935,0.000120878,-0.0029006,8.86917e-05,0,0,0,0,0,0,
0,0,0.0290497,-0.869671,-1.91935,0.000120878,-0.00290108,8.86917e-05,0,0,0,0,0,0,
0,0,0.0290516,-0.869671,-1.91935,0.000120878,-0.00290155,8.86917e-05,0,0,0,0,0,0,
0,0,0.0290535,-0.86967,-1.91935,0.000121117,-0.00290203,8.86917e-05,0,0,0,0,0,0,
0,0,0.0290555,-0.86967,-1.91935,0.000121117,-0.00290251,8.86917e-05,0,0,0,0,0,0,
0,0,0.0290574,-0.869669,-1.91935,0.000120878,-0.00290298,8.86917e-05,0,0,0,0,0,0,
0,0,0.0290593,-0.869669,-1.91935,0.000120878,-0.00290346,8.86917e-05,0,0,0,0,0,0,
0,0,0.0290612,-0.869668,-1.91935,0.000120878,-0.00290394,8.86917e-05,0,0,0,0,0,0,
0,0,0.0290631,-0.869667,-1.91935,0.000120878,-0.00290442,8.86917e-05,0,0,0,0,0,0,
0,0,0.029065,-0.869667,-1.91935,0.000120878,-0.00290489,8.86917e-05,0,0,0,0,0,0,
0,0,0.0290669,-0.869667,-1.91935,0.000120878,-0.00290537,8.86917e-05,0,0,0,0,0,0,
0,0,0.0290688,-0.869666,-1.91935,0.000121117,-0.00290585,8.86917e-05,0,0,0,0,0,0,
0,0,0.0290707,-0.869666,-1.91935,0.000121117,-0.00290632,8.86917e-05,0,0,0,0,0,0,
0,0,0.0290726,-0.869665,-1.91935,0.000121117,-0.0029068,8.86917e-05,0,0,0,0,0,0,
0,0,0.0290745,-0.869665,-1.91935,0.000121117,-0.00290728,8.86917e-05,0,0,0,0,0,0,
0,0,0.0290764,-0.869664,-1.91935,0.000121117,-0.00290775,8.86917e-05,0,0,0,0,0,0,
0,0,0.0290783,-0.869664,-1.91935,0.000121117,-0.00290823,8.86917e-05,0,0,0,0,0,0,
0,0,0.0290803,-0.869663,-1.91935,0.000121355,-0.00290871,8.86917e-05,0,0,0,0,0,0,
0,0,0.0290822,-0.869663,-1.91935,0.000121355,-0.00290918,8.86917e-05,0,0,0,0,0,0,
0,0,0.0290841,-0.869662,-1.91935,0.000121117,-0.00290966,8.86917e-05,0,0,0,0,0,0,
0,0,0.029086,-0.869662,-1.91935,0.000121117,-0.00291014,8.86917e-05,0,0,0,0,0,0,
0,0,0.0290879,-0.869661,-1.91935,0.000120878,-0.00291061,8.86917e-05,0,0,0,0,0,0,
0,0,0.0290898,-0.869661,-1.91935,0.000120878,-0.00291109,8.86917e-05,0,0,0,0,0,0,
0,0,0.0290917,-0.86966,-1.91935,0.000120878,-0.00291157,8.86917e-05,0,0,0,0,0,0,
0,0,0.0290936,-0.86966,-1.91935,0.000120878,-0.00291204,8.86917e-05,0,0,0,0,0,0,
0,0,0.0290955,-0.869659,-1.91935,0.000121117,-0.00291252,8.86917e-05,0,0,0,0,0,0,
0,0,0.0290974,-0.869659,-1.91935,0.000120878,-0.002913,8.86917e-05,0,0,0,0,0,0,
0,0,0.0290993,-0.869658,-1.91935,0.000120878,-0.00291348,8.86917e-05,0,0,0,0,0,0,
0,0,0.0291012,-0.869658,-1.91935,0.000120878,-0.00291395,8.86917e-05,0,0,0,0,0,0,
0,0,0.0291031,-0.869657,-1.91934,0.000120878,-0.00291443,8.86917e-05,0,0,0,0,0,0,
0,0,0.029105,-0.869657,-1.91934,0.000120878,-0.00291491,8.86917e-05,0,0,0,0,0,0,
0,0,0.029107,-0.869656,-1.91934,0.000120878,-0.00291538,8.86917e-05,0,0,0,0,0,0,
0,0,0.0291089,-0.869656,-1.91934,0.000120878,-0.00291586,8.86917e-05,0,0,0,0,0,0,
0,0,0.0291108,-0.869655,-1.91934,0.000121117,-0.00291634,8.86917e-05,0,0,0,0,0,0,
0,0,0.0291127,-0.869655,-1.91934,0.000120878,-0.00291681,8.86917e-05,0,0,0,0,0,0,
0,0,0.0291146,-0.869654,-1.91934,0.000121117,-0.00291729,8.86917e-05,0,0,0,0,0,0,
0,0,0.0291165,-0.869654,-1.91934,0.000121117,-0.00291777,8.86917e-05,0,0,0,0,0,0,
0,0,0.0291184,-0.869653,-1.91934,0.000121117,-0.00291824,8.86917e-05,0,0,0,0,0,0,
0,0,0.0291203,-0.869652,-1.91934,0.000121117,-0.00291872,8.86917e-05,0,0,0,0,0,0,
0,0,0.0291222,-0.869652,-1.91934,0.000121355,-0.0029192,8.89301e-05,0,0,0,0,0,0,
0,0,0.0291241,-0.869651,-1.91934,0.000121355,-0.00291967,8.89301e-05,0,0,0,0,0,0,
0,0,0.029126,-0.869651,-1.91934,0.000121117,-0.00292015,8.89301e-05,0,0,0,0,0,0,
0,0,0.0291279,-0.869651,-1.91934,0.000121117,-0.00292063,8.89301e-05,0,0,0,0,0,0,
0,0,0.0291298,-0.86965,-1.91934,0.000121117,-0.0029211,8.89301e-05,0,0,0,0,0,0,
0,0,0.0291317,-0.86965,-1.91934,0.000121117,-0.00292158,8.89301e-05,0,0,0,0,0,0,
0,0,0.0291337,-0.869649,-1.91934,0.000121117,-0.00292206,8.89301e-05,0,0,0,0,0,0,
0,0,0.0291356,-0.869648,-1.91934,0.000121117,-0.00292253,8.89301e-05,0,0,0,0,0,0,
0,0,0.0291375,-0.869648,-1.91934,0.000121117,-0.00292301,8.89301e-05,0,0,0,0,0,0,
0,0,0.0291394,-0.869647,-1.91934,0.000121117,-0.00292349,8.89301e-05,0,0,0,0,0,0,
0,0,0.0291413,-0.869647,-1.91934,0.000121117,-0.00292397,8.89301e-05,0,0,0,0,0,0,
0,0,0.0291432,-0.869646,-1.91934,0.000121117,-0.00292444,8.89301e-05,0,0,0,0,0,0,
0,0,0.0291451,-0.869646,-1.91934,0.000121117,-0.00292492,8.89301e-05,0,0,0,0,0,0,
0,0,0.029147,-0.869645,-1.91934,0.000121117,-0.0029254,8.89301e-05,0,0,0,0,0,0,
0,0,0.0291489,-0.869645,-1.91934,0.000121117,-0.00292587,8.89301e-05,0,0,0,0,0,0,
0,0,0.0291508,-0.869644,-1.91934,0.000121117,-0.00292635,8.89301e-05,0,0,0,0,0,0,
0,0,0.0291527,-0.869644,-1.91934,0.000121117,-0.00292683,8.89301e-05,0,0,0,0,0,0,
0,0,0.0291546,-0.869643,-1.91934,0.000121117,-0.0029273,8.89301e-05,0,0,0,0,0,0,
0,0,0.0291565,-0.869643,-1.91934,0.000121117,-0.00292778,8.91685e-05,0,0,0,0,0,0,
0,0,0.0291585,-0.869643,-1.91934,0.000121117,-0.00292826,8.91685e-05,0,0,0,0,0,0,
0,0,0.0291604,-0.869642,-1.91934,0.000121355,-0.00292873,8.91685e-05,0,0,0,0,0,0,
0,0,0.0291623,-0.869642,-1.91934,0.000121355,-0.00292921,8.91685e-05,0,0,0,0,0,0,
0,0,0.0291642,-0.869641,-1.91934,0.000121593,-0.00292969,8.91685e-05,0,0,0,0,0,0,
0,0,0.0291661,-0.869641,-1.91934,0.000121593,-0.00293016,8.91685e-05,0,0,0,0,0,0,
0,0,0.029168,-0.86964,-1.91934,0.000121593,-0.00293064,8.91685e-05,0,0,0,0,0,0,
0,0,0.0291699,-0.86964,-1.91934,0.000121593,-0.00293112,8.91685e-05,0,0,0,0,0,0,
0,0,0.0291718,-0.869639,-1.91934,0.000121832,-0.00293159,8.91685e-05,0,0,0,0,0,0,
0,0,0.0291737,-0.869639,-1.91934,0.000121832,-0.00293207,8.91685e-05,0,0,0,0,0,0,
0,0,0.0291756,-0.869638,-1.91934,0.00012207,-0.00293255,8.91685e-05,0,0,0,0,0,0,
0,0,0.0291775,-0.869638,-1.91934,0.00012207,-0.00293303,8.91685e-05,0,0,0,0,0,0,
0,0,0.0291794,-0.869637,-1.91934,0.00012207,-0.0029335,8.91685e-05,0,0,0,0,0,0,
0,0,0.0291813,-0.869637,-1.91934,0.00012207,-0.00293398,8.91685e-05,0,0,0,0,0,0,
0,0,0.0291832,-0.869636,-1.91934,0.00012207,-0.00293446,8.9407e-05,0,0,0,0,0,0,
0,0,0.0291852,-0.869636,-1.91934,0.00012207,-0.00293493,8.9407e-05,0,0,0,0,0,0,
0,0,0.0291871,-0.869635,-1.91934,0.00012207,-0.00293541,8.9407e-05,0,0,0,0,0,0,
0,0,0.029189,-0.869634,-1.91934,0.00012207,-0.00293589,8.9407e-05,0,0,0,0,0,0,
0,0,0.0291909,-0.869634,-1.91934,0.00012207,-0.00293636,8.9407e-05,0,0,0,0,0,0,
0,0,0.0291928,-0.869633,-1.91934,0.00012207,-0.00293684,8.9407e-05,0,0,0,0,0,0,
0,0,0.0291947,-0.869633,-1.91934,0.00012207,-0.00293732,8.9407e-05,0,0,0,0,0,0,
0,0,0.0291966,-0.869633,-1.91934,0.00012207,-0.00293779,8.9407e-05,0,0,0,0,0,0,
0,0,0.0291985,-0.869632,-1.91934,0.00012207,-0.00293827,8.9407e-05,0,0,0,0,0,0,
0,0,0.0292004,-0.869631,-1.91934,0.00012207,-0.00293875,8.9407e-05,0,0,0,0,0,0,
0,0,0.0292023,-0.869631,-1.91934,0.000121832,-0.00293922,8.9407e-05,0,0,0,0,0,0,
0,0,0.0292042,-0.869631,-1.91934,0.000121832,-0.0029397,8.9407e-05,0,0,0,0,0,0,
0,0,0.0292061,-0.86963,-1.91934,0.000121832,-0.00294018,8.9407e-05,0,0,0,0,0,0,
0,0,0.029208,-0.869629,-1.91934,0.000121593,-0.00294065,8.9407e-05,0,0,0,0,0,0,
0,0,0.02921,-0.869629,-1.91934,0.000121593,-0.00294113,8.9407e-05,0,0,0,0,0,0,
0,0,0.0292119,-0.869628,-1.91934,0.000121593,-0.00294161,8.9407e-05,0,0,0,0,0,0,
0,0,0.0292138,-0.869628,-1.91934,0.000121593,-0.00294209,8.9407e-05,0,0,0,0,0,0,
0,0,0.0292157,-0.869627,-1.91934,0.000121832,-0.00294256,8.9407e-05,0,0,0,0,0,0,
0,0,0.0292176,-0.869627,-1.91934,0.000121832,-0.00294304,8.9407e-05,0,0,0,0,0,0,
0,0,0.0292195,-0.869626,-1.91934,0.000121832,-0.00294352,8.9407e-05,0,0,0,0,0,0,
0,0,0.0292214,-0.869626,-1.91934,0.00012207,-0.00294399,8.9407e-05,0,0,0,0,0,0,
0,0,0.0292233,-0.869626,-1.91934,0.00012207,-0.00294447,8.9407e-05,0,0,0,0,0,0,
0,0,0.0292252,-0.869626,-1.91934,0.00012207,-0.00294495,8.9407e-05,0,0,0,0,0,0,
0,0,0.0292271,-0.869625,-1.91934,0.00012207,-0.00294542,8.9407e-05,0,0,0,0,0,0,
0,0,0.029229,-0.869624,-1.91934,0.00012207,-0.0029459,8.9407e-05,0,0,0,0,0,0,
0,0,0.0292309,-0.869624,-1.91934,0.00012207,-0.00294638,8.96454e-05,0,0,0,0,0,0,
0,0,0.0292328,-0.869624,-1.91934,0.00012207,-0.00294685,8.96454e-05,0,0,0,0,0,0,
0,0,0.0292347,-0.869623,-1.91934,0.000122309,-0.00294733,8.96454e-05,0,0,0,0,0,0,
0,0,0.0292367,-0.869623,-1.91934,0.000122309,-0.00294781,8.96454e-05,0,0,0,0,0,0,
0,0,0.0292386,-0.869622,-1.91934,0.000122309,-0.00294828,8.96454e-05,0,0,0,0,0,0,
0,0,0.0292405,-0.869621,-1.91934,0.000122309,-0.00294876,8.96454e-05,0,0,0,0,0,0,
0,0,0.0292424,-0.869621,-1.91934,0.000122309,-0.00294924,8.98838e-05,0,0,0,0,0,0,
0,0,0.0292443,-0.869621,-1.91934,0.000122309,-0.00294971,8.98838e-05,0,0,0,0,0,0,
0,0,0.0292462,-0.86962,-1.91934,0.000122309,-0.00295019,8.98838e-05,0,0,0,0,0,0,
0,0,0.0292481,-0.86962,-1.91934,0.000122309,-0.00295067,8.98838e-05,0,0,0,0,0,0,
0,0,0.02925,-0.869619,-1.91934,0.00012207,-0.00295115,8.98838e-05,0,0,0,0,0,0,
0,0,0.0292519,-0.869619,-1.91934,0.00012207,-0.00295162,8.98838e-05,0,0,0,0,0,0,
0,0,0.0292538,-0.869618,-1.91934,0.00012207,-0.0029521,8.98838e-05,0,0,0,0,0,0,
0,0,0.0292557,-0.869618,-1.91934,0.00012207,-0.00295258,8.98838e-05,0,0,0,0,0,0,
0,0,0.0292576,-0.869617,-1.91934,0.00012207,-0.00295305,8.98838e-05,0,0,0,0,0,0,
0,0,0.0292595,-0.869616,-1.91934,0.00012207,-0.00295353,8.98838e-05,0,0,0,0,0,0,
0,0,0.0292614,-0.869616,-1.91934,0.00012207,-0.00295401,8.98838e-05,0,0,0,0,0,0,
0,0,0.0292634,-0.869616,-1.91934,0.00012207,-0.00295448,8.98838e-05,0,0,0,0,0,0,
0,0,0.0292653,-0.869615,-1.91934,0.00012207,-0.00295496,8.98838e-05,0,0,0,0,0,0,
0,0,0.0292672,-0.869615,-1.91934,0.000122309,-0.00295544,8.98838e-05,0,0,0,0,0,0,
0,0,0.0292691,-0.869614,-1.91934,0.000122309,-0.00295591,8.98838e-05,0,0,0,0,0,0,
0,0,0.029271,-0.869614,-1.91934,0.000122547,-0.00295639,8.98838e-05,0,0,0,0,0,0,
0,0,0.0292729,-0.869613,-1.91934,0.000122547,-0.00295687,8.98838e-05,0,0,0,0,0,0,
0,0,0.0292748,-0.869613,-1.91934,0.000122309,-0.00295734,8.98838e-05,0,0,0,0,0,0,
0,0,0.0292767,-0.869612,-1.91934,0.000122309,-0.00295782,8.98838e-05,0,0,0,0,0,0,
0,0,0.0292786,-0.869612,-1.91934,0.000122309,-0.0029583,9.01222e-05,0,0,0,0,0,0,
0,0,0.0292805,-0.869611,-1.91934,0.000122547,-0.00295877,9.01222e-05,0,0,0,0,0,0,
0,0,0.0292824,-0.86961,-1.91934,0.000122547,-0.00295925,9.01222e-05,0,0,0,0,0,0,
0,0,0.0292843,-0.86961,-1.91934,0.000122547,-0.00295973,9.01222e-05,0,0,0,0,0,0,
0,0,0.0292862,-0.869609,-1.91934,0.000122547,-0.00296021,9.01222e-05,0,0,0,0,0,0,
0,0,0.0292882,-0.869609,-1.91934,0.000122547,-0.00296068,9.01222e-05,0,0,0,0,0,0,
0,0,0.0292901,-0.869608,-1.91934,0.000122547,-0.00296116,9.01222e-05,0,0,0,0,0,0,
0,0,0.029292,-0.869608,-1.91934,0.000122547,-0.00296164,9.01222e-05,0,0,0,0,0,0,
0,0,0.0292939,-0.869607,-1.91934,0.000122547,-0.00296211,9.01222e-05,0,0,0,0,0,0,
0,0,0.0292958,-0.869607,-1.91934,0.000122547,-0.00296259,9.01222e-05,0,0,0,0,0,0,
0,0,0.0292977,-0.869607,-1.91934,0.000122547,-0.00296307,9.01222e-05,0,0,0,0,0,0,
0,0,0.0292996,-0.869606,-1.91934,0.000122547,-0.00296354,9.01222e-05,0,0,0,0,0,0,
0,0,0.0293015,-0.869605,-1.91934,0.000122547,-0.00296402,9.01222e-05,0,0,0,0,0,0,
0,0,0.0293034,-0.869605,-1.91934,0.000122547,-0.0029645,9.03606e-05,0,0,0,0,0,0,
0,0,0.0293053,-0.869605,-1.91934,0.000122547,-0.00296497,9.03606e-05,0,0,0,0,0,0,
0,0,0.0293072,-0.869604,-1.91934,0.000122547,-0.00296545,9.03606e-05,0,0,0,0,0,0,
0,0,0.0293091,-0.869603,-1.91934,0.000122547,-0.00296593,9.03606e-05,0,0,0,0,0,0,
0,0,0.029311,-0.869603,-1.91934,0.000122547,-0.0029664,9.03606e-05,0,0,0,0,0,0,
0,0,0.0293129,-0.869602,-1.91934,0.000122309,-0.00296688,9.03606e-05,0,0,0,0,0,0,
0,0,0.0293149,-0.869602,-1.91933,0.000122309,-0.00296736,9.03606e-05,0,0,0,0,0,0,
0,0,0.0293168,-0.869601,-1.91933,0.000122309,-0.00296783,9.05991e-05,0,0,0,0,0,0,
0,0,0.0293187,-0.869601,-1.91933,0.000122309,-0.00296831,9.05991e-05,0,0,0,0,0,0,
0,0,0.0293206,-0.8696,-1.91933,0.000122309,-0.00296879,9.05991e-05,0,0,0,0,0,0,
0,0,0.0293225,-0.8696,-1.91933,0.000122309,-0.00296926,9.05991e-05,0,0,0,0,0,0,
0,0,0.0293244,-0.8696,-1.91933,0.000122309,-0.00296974,9.05991e-05,0,0,0,0,0,0,
0,0,0.0293263,-0.869599,-1.91933,0.000122309,-0.00297022,9.05991e-05,0,0,0,0,0,0,
0,0,0.0293282,-0.869598,-1.91933,0.000122547,-0.0029707,9.05991e-05,0,0,0,0,0,0,
0,0,0.0293301,-0.869598,-1.91933,0.000122547,-0.00297117,9.05991e-05,0,0,0,0,0,0,
0,0,0.029332,-0.869597,-1.91933,0.000122547,-0.00297165,9.05991e-05,0,0,0,0,0,0,
0,0,0.0293339,-0.869597,-1.91933,0.000122547,-0.00297213,9.05991e-05,0,0,0,0,0,0,
0,0,0.0293358,-0.869596,-1.91933,0.000122547,-0.0029726,9.05991e-05,0,0,0,0,0,0,
0,0,0.0293377,-0.869596,-1.91933,0.000122786,-0.00297308,9.05991e-05,0,0,0,0,0,0,
0,0,0.0293397,-0.869595,-1.91933,0.000122786,-0.00297356,9.05991e-05,0,0,0,0,0,0,
0,0,0.0293416,-0.869595,-1.91933,0.000122786,-0.00297403,9.05991e-05,0,0,0,0,0,0,
0,0,0.0293435,-0.869595,-1.91933,0.000123024,-0.00297451,9.05991e-05,0,0,0,0,0,0,
0,0,0.0293454,-0.869594,-1.91933,0.000123024,-0.00297499,9.05991e-05,0,0,0,0,0,0,
0,0,0.0293473,-0.869593,-1.91933,0.000123024,-0.00297546,9.05991e-05,0,0,0,0,0,0,
0,0,0.0293492,-0.869593,-1.91933,0.000123024,-0.00297594,9.05991e-05,0,0,0,0,0,0,
0,0,0.0293511,-0.869592,-1.91933,0.000123024,-0.00297642,9.05991e-05,0,0,0,0,0,0,
0,0,0.029353,-0.869592,-1.91933,0.000123024,-0.00297689,9.05991e-05,0,0,0,0,0,0,
0,0,0.0293549,-0.869591,-1.91933,0.000123262,-0.00297737,9.05991e-05,0,0,0,0,0,0,
0,0,0.0293568,-0.869591,-1.91933,0.000123262,-0.00297785,9.05991e-05,0,0,0,0,0,0,
0,0,0.0293587,-0.86959,-1.91933,0.000123501,-0.00297832,9.05991e-05,0,0,0,0,0,0,
0,0,0.0293606,-0.86959,-1.91933,0.000123501,-0.0029788,9.05991e-05,0,0,0,0,0,0,
0,0,0.0293625,-0.869589,-1.91933,0.000123501,-0.00297928,9.05991e-05,0,0,0,0,0,0,
0,0,0.0293644,-0.869589,-1.91933,0.000123501,-0.00297976,9.05991e-05,0,0,0,0,0,0,
0,0,0.0293664,-0.869588,-1.91933,0.000123501,-0.00298023,9.05991e-05,0,0,0,0,0,0,
0,0,0.0293683,-0.869588,-1.91933,0.000123501,-0.00298071,9.05991e-05,0,0,0,0,0,0,
0,0,0.0293702,-0.869587,-1.91933,0.000123262,-0.00298119,9.05991e-05,0,0,0,0,0,0,
0,0,0.0293721,-0.869587,-1.91933,0.000123262,-0.00298166,9.05991e-05,0,0,0,0,0,0,
0,0,0.029374,-0.869586,-1.91933,0.000123262,-0.00298214,9.05991e-05,0,0,0,0,0,0,
0,0,0.0293759,-0.869585,-1.91933,0.000123262,-0.00298262,9.05991e-05,0,0,0,0,0,0,
0,0,0.0293778,-0.869585,-1.91933,0.000123262,-0.00298309,9.05991e-05,0,0,0,0,0,0,
0,0,0.0293797,-0.869585,-1.91933,0.000123262,-0.00298357,9.05991e-05,0,0,0,0,0,0,
0,0,0.0293816,-0.869584,-1.91933,0.000123262,-0.00298405,9.05991e-05,0,0,0,0,0,0,
0,0,0.0293835,-0.869584,-1.91933,0.000123262,-0.00298452,9.05991e-05,0,0,0,0,0,0,
0,0,0.0293854,-0.869583,-1.91933,0.000123262,-0.002985,9.05991e-05,0,0,0,0,0,0,
0,0,0.0293873,-0.869582,-1.91933,0.000123262,-0.00298548,9.05991e-05,0,0,0,0,0,0,
0,0,0.0293892,-0.869582,-1.91933,0.000123262,-0.00298595,9.05991e-05,0,0,0,0,0,0,
0,0,0.0293911,-0.869581,-1.91933,0.000123262,-0.00298643,9.05991e-05,0,0,0,0,0,0,
0,0,0.0293931,-0.869581,-1.91933,0.000123262,-0.00298691,9.05991e-05,0,0,0,0,0,0,
0,0,0.029395,-0.86958,-1.91933,0.000123262,-0.00298738,9.05991e-05,0,0,0,0,0,0,
0,0,0.0293969,-0.86958,-1.91933,0.000123262,-0.00298786,9.05991e-05,0,0,0,0,0,0,
0,0,0.0293988,-0.869579,-1.91933,0.000123501,-0.00298834,9.05991e-05,0,0,0,0,0,0,
0,0,0.0294007,-0.869579,-1.91933,0.000123501,-0.00298882,9.05991e-05,0,0,0,0,0,0,
0,0,0.0294026,-0.869579,-1.91933,0.000123501,-0.00298929,9.05991e-05,0,0,0,0,0,0,
0,0,0.0294045,-0.869578,-1.91933,0.000123501,-0.00298977,9.05991e-05,0,0,0,0,0,0,
0,0,0.0294064,-0.869578,-1.91933,0.000123501,-0.00299025,9.05991e-05,0,0,0,0,0,0,
0,0,0.0294083,-0.869578,-1.91933,0.000123501,-0.00299072,9.05991e-05,0,0,0,0,0,0,
0,0,0.0294102,-0.869577,-1.91933,0.000123501,-0.0029912,9.05991e-05,0,0,0,0,0,0,
0,0,0.0294121,-0.869576,-1.91933,0.000123739,-0.00299168,9.05991e-05,0,0,0,0,0,0,
0,0,0.029414,-0.869576,-1.91933,0.000123739,-0.00299215,9.05991e-05,0,0,0,0,0,0,
0,0,0.0294159,-0.869575,-1.91933,0.000123739,-0.00299263,9.05991e-05,0,0,0,0,0,0,
0,0,0.0294179,-0.869575,-1.91933,0.000123739,-0.00299311,9.05991e-05,0,0,0,0,0,0,
0,0,0.0294198,-0.869574,-1.91933,0.000123978,-0.00299358,9.05991e-05,0,0,0,0,0,0,
0,0,0.0294217,-0.869574,-1.91933,0.000123978,-0.00299406,9.05991e-05,0,0,0,0,0,0,
0,0,0.0294236,-0.869574,-1.91933,0.000123978,-0.00299454,9.05991e-05,0,0,0,0,0,0,
0,0,0.0294255,-0.869573,-1.91933,0.000123978,-0.00299501,9.05991e-05,0,0,0,0,0,0,
0,0,0.0294274,-0.869573,-1.91933,0.000124216,-0.00299549,9.05991e-05,0,0,0,0,0,0,
0,0,0.0294293,-0.869572,-1.91933,0.000124216,-0.00299597,9.05991e-05,0,0,0,0,0,0,
0,0,0.0294312,-0.869572,-1.91933,0.000124216,-0.00299644,9.05991e-05,0,0,0,0,0,0,
0,0,0.0294331,-0.869571,-1.91933,0.000124216,-0.00299692,9.05991e-05,0,0,0,0,0,0,
0,0,0.029435,-0.869571,-1.91933,0.000124216,-0.0029974,9.05991e-05,0,0,0,0,0,0,
0,0,0.0294369,-0.86957,-1.91933,0.000124216,-0.00299788,9.05991e-05,0,0,0,0,0,0,
0,0,0.0294388,-0.86957,-1.91933,0.000124216,-0.00299835,9.05991e-05,0,0,0,0,0,0,
0,0,0.0294407,-0.869569,-1.91933,0.000123978,-0.00299883,9.05991e-05,0,0,0,0,0,0,
0,0,0.0294426,-0.869569,-1.91933,0.000123978,-0.00299931,9.05991e-05,0,0,0,0,0,0,
0,0,0.0294446,-0.869568,-1.91933,0.000123978,-0.00299978,9.05991e-05,0,0,0,0,0,0,
0,0,0.0294465,-0.869568,-1.91933,0.000123978,-0.00300026,9.05991e-05,0,0,0,0,0,0,
0,0,0.0294484,-0.869567,-1.91933,0.000123978,-0.00300074,9.05991e-05,0,0,0,0,0,0,
0,0,0.0294503,-0.869567,-1.91933,0.000123978,-0.00300121,9.05991e-05,0,0,0,0,0,0,
0,0,0.0294522,-0.869566,-1.91933,0.000123978,-0.00300169,9.05991e-05,0,0,0,0,0,0,
0,0,0.0294541,-0.869566,-1.91933,0.000123739,-0.00300217,9.05991e-05,0,0,0,0,0,0,
0,0,0.029456,-0.869566,-1.91933,0.000123978,-0.00300264,9.08375e-05,0,0,0,0,0,0,
0,0,0.0294579,-0.869565,-1.91933,0.000123978,-0.00300312,9.08375e-05,0,0,0,0,0,0,
0,0,0.0294598,-0.869565,-1.91933,0.000123978,-0.0030036,9.08375e-05,0,0,0,0,0,0,
0,0,0.0294617,-0.869564,-1.91933,0.000123978,-0.00300407,9.08375e-05,0,0,0,0,0,0,
0,0,0.0294636,-0.869564,-1.91933,0.000123978,-0.00300455,9.08375e-05,0,0,0,0,0,0,
0,0,0.0294655,-0.869563,-1.91933,0.000123978,-0.00300503,9.08375e-05,0,0,0,0,0,0,
0,0,0.0294674,-0.869563,-1.91933,0.000123978,-0.0030055,9.08375e-05,0,0,0,0,0,0,
0,0,0.0294694,-0.869562,-1.91933,0.000123978,-0.00300598,9.08375e-05,0,0,0,0,0,0,
0,0,0.0294713,-0.869561,-1.91933,0.000123978,-0.00300646,9.08375e-05,0,0,0,0,0,0,
0,0,0.0294732,-0.869561,-1.91933,0.000123978,-0.00300694,9.08375e-05,0,0,0,0,0,0,
0,0,0.0294751,-0.86956,-1.91933,0.000123978,-0.00300741,9.08375e-05,0,0,0,0,0,0,
0,0,0.029477,-0.86956,-1.91933,0.000123978,-0.00300789,9.08375e-05,0,0,0,0,0,0,
0,0,0.0294789,-0.869559,-1.91933,0.000123978,-0.00300837,9.08375e-05,0,0,0,0,0,0,
0,0,0.0294808,-0.869559,-1.91933,0.000123978,-0.00300884,9.08375e-05,0,0,0,0,0,0,
0,0,0.0294827,-0.869559,-1.91933,0.000123978,-0.00300932,9.08375e-05,0,0,0,0,0,0,
0,0,0.0294846,-0.869558,-1.91933,0.000123978,-0.0030098,9.08375e-05,0,0,0,0,0,0,
0,0,0.0294865,-0.869558,-1.91933,0.000123978,-0.00301027,9.08375e-05,0,0,0,0,0,0,
0,0,0.0294884,-0.869557,-1.91933,0.000124216,-0.00301075,9.08375e-05,0,0,0,0,0,0,
0,0,0.0294903,-0.869557,-1.91933,0.000124216,-0.00301123,9.08375e-05,0,0,0,0,0,0,
0,0,0.0294922,-0.869556,-1.91933,0.000124216,-0.0030117,9.08375e-05,0,0,0,0,0,0,
0,0,0.0294941,-0.869556,-1.91933,0.000124216,-0.00301218,9.08375e-05,0,0,0,0,0,0,
0,0,0.0294961,-0.869555,-1.91933,0.000124216,-0.00301266,9.08375e-05,0,0,0,0,0,0,
0,0,0.029498,-0.869555,-1.91933,0.000124216,-0.00301313,9.08375e-05,0,0,0,0,0,0,
0,0,0.0294999,-0.869555,-1.91933,0.000124216,-0.00301361,9.08375e-05,0,0,0,0,0,0,
0,0,0.0295018,-0.869554,-1.91932,0.000123978,-0.00301409,9.08375e-05,0,0,0,0,0,0,
0,0,0.0295037,-0.869554,-1.91932,0.000123978,-0.00301456,9.05991e-05,0,0,0,0,0,0,
0,0,0.0295056,-0.869553,-1.91932,0.000123978,-0.00301504,9.05991e-05,0,0,0,0,0,0,
0,0,0.0295075,-0.869553,-1.91932,0.000123978,-0.00301552,9.05991e-05,0,0,0,0,0,0,
0,0,0.0295094,-0.869552,-1.91932,0.000123978,-0.003016,9.05991e-05,0,0,0,0,0,0,
0,0,0.0295113,-0.869551,-1.91932,0.000123978,-0.00301647,9.05991e-05,0,0,0,0,0,0,
0,0,0.0295132,-0.869551,-1.91932,0.000124216,-0.00301695,9.05991e-05,0,0,0,0,0,0,
0,0,0.0295151,-0.869551,-1.91932,0.000124216,-0.00301743,9.05991e-05,0,0,0,0,0,0,
0,0,0.029517,-0.86955,-1.91932,0.000124216,-0.0030179,9.08375e-05,0,0,0,0,0,0,
0,0,0.0295189,-0.86955,-1.91932,0.000124216,-0.00301838,9.08375e-05,0,0,0,0,0,0,
0,0,0.0295208,-0.869549,-1.91932,0.000124216,-0.00301886,9.08375e-05,0,0,0,0,0,0,
0,0,0.0295228,-0.869549,-1.91932,0.000124216,-0.00301933,9.08375e-05,0,0,0,0,0,0,
0,0,0.0295247,-0.869548,-1.91932,0.000124216,-0.00301981,9.08375e-05,0,0,0,0,0,0,
0,0,0.0295266,-0.869548,-1.91932,0.000124216,-0.00302029,9.08375e-05,0,0,0,0,0,0,
0,0,0.0295285,-0.869548,-1.91932,0.000124216,-0.00302076,9.08375e-05,0,0,0,0,0,0,
0,0,0.0295304,-0.869547,-1.91932,0.000123978,-0.00302124,9.08375e-05,0,0,0,0,0,0,
0,0,0.0295323,-0.869546,-1.91932,0.000123978,-0.00302172,9.08375e-05,0,0,0,0,0,0,
0,0,0.0295342,-0.869546,-1.91932,0.000123978,-0.00302219,9.08375e-05,0,0,0,0,0,0,
0,0,0.0295361,-0.869545,-1.91932,0.000123978,-0.00302267,9.08375e-05,0,0,0,0,0,0,
0,0,0.029538,-0.869545,-1.91932,0.000123978,-0.00302315,9.08375e-05,0,0,0,0,0,0,
0,0,0.0295399,-0.869544,-1.91932,0.000123978,-0.00302362,9.08375e-05,0,0,0,0,0,0,
0,0,0.0295418,-0.869544,-1.91932,0.000123978,-0.0030241,9.08375e-05,0,0,0,0,0,0,
0,0,0.0295437,-0.869543,-1.91932,0.000123978,-0.00302458,9.08375e-05,0,0,0,0,0,0,
0,0,0.0295456,-0.869543,-1.91932,0.000123978,-0.00302505,9.08375e-05,0,0,0,0,0,0,
0,0,0.0295476,-0.869542,-1.91932,0.000123978,-0.00302553,9.08375e-05,0,0,0,0,0,0,
0,0,0.0295495,-0.869542,-1.91932,0.000123978,-0.00302601,9.08375e-05,0,0,0,0,0,0,
0,0,0.0295514,-0.869541,-1.91932,0.000123978,-0.00302649,9.08375e-05,0,0,0,0,0,0,
0,0,0.0295533,-0.869541,-1.91932,0.000123978,-0.00302696,9.08375e-05,0,0,0,0,0,0,
0,0,0.0295552,-0.86954,-1.91932,0.000124216,-0.00302744,9.08375e-05,0,0,0,0,0,0,
0,0,0.0295571,-0.86954,-1.91932,0.000124216,-0.00302792,9.08375e-05,0,0,0,0,0,0,
0,0,0.029559,-0.869539,-1.91932,0.000124216,-0.00302839,9.08375e-05,0,0,0,0,0,0,
0,0,0.0295609,-0.869539,-1.91932,0.000124216,-0.00302887,9.08375e-05,0,0,0,0,0,0,
0,0,0.0295628,-0.869538,-1.91932,0.000124216,-0.00302935,9.08375e-05,0,0,0,0,0,0,
0,0,0.0295647,-0.869538,-1.91932,0.000124216,-0.00302982,9.08375e-05,0,0,0,0,0,0,
0,0,0.0295666,-0.869537,-1.91932,0.000124216,-0.0030303,9.08375e-05,0,0,0,0,0,0,
0,0,0.0295685,-0.869536,-1.91932,0.000123978,-0.00303078,9.08375e-05,0,0,0,0,0,0,
0,0,0.0295704,-0.869536,-1.91932,0.000123978,-0.00303125,9.08375e-05,0,0,0,0,0,0,
0,0,0.0295723,-0.869535,-1.91932,0.000124216,-0.00303173,9.08375e-05,0,0,0,0,0,0,
0,0,0.0295743,-0.869535,-1.91932,0.000124216,-0.00303221,9.08375e-05,0,0,0,0,0,0,
0,0,0.0295762,-0.869534,-1.91932,0.000124216,-0.00303268,9.08375e-05,0,0,0,0,0,0,
0,0,0.0295781,-0.869534,-1.91932,0.000124216,-0.00303316,9.08375e-05,0,0,0,0,0,0,
0,0,0.02958,-0.869533,-1.91932,0.000124216,-0.00303364,9.08375e-05,0,0,0,0,0,0,
0,0,0.0295819,-0.869533,-1.91932,0.000124216,-0.00303411,9.08375e-05,0,0,0,0,0,0,
0,0,0.0295838,-0.869532,-1.91932,0.000124216,-0.00303459,9.08375e-05,0,0,0,0,0,0,
0,0,0.0295857,-0.869531,-1.91932,0.000124454,-0.00303507,9.08375e-05,0,0,0,0,0,0,
0,0,0.0295876,-0.869531,-1.91932,0.000124454,-0.00303555,9.08375e-05,0,0,0,0,0,0,
0,0,0.0295895,-0.86953,-1.91932,0.000124454,-0.00303602,9.08375e-05,0,0,0,0,0,0,
0,0,0.0295914,-0.86953,-1.91932,0.000124693,-0.0030365,9.08375e-05,0,0,0,0,0,0,
0,0,0.0295933,-0.869529,-1.91932,0.000124693,-0.00303698,9.08375e-05,0,0,0,0,0,0,
0,0,0.0295952,-0.869528,-1.91932,0.000124931,-0.00303745,9.08375e-05,0,0,0,0,0,0,
0,0,0.0295971,-0.869528,-1.91932,0.000124931,-0.00303793,9.08375e-05,0,0,0,0,0,0,
0,0,0.0295991,-0.869528,-1.91932,0.000124931,-0.00303841,9.08375e-05,0,0,0,0,0,0,
0,0,0.029601,-0.869527,-1.91932,0.000124931,-0.00303888,9.08375e-05,0,0,0,0,0,0,
0,0,0.0296029,-0.869527,-1.91932,0.00012517,-0.00303936,9.10759e-05,0,0,0,0,0,0,
0,0,0.0296048,-0.869526,-1.91932,0.000124931,-0.00303984,9.10759e-05,0,0,0,0,0,0,
0,0,0.0296067,-0.869525,-1.91932,0.000124931,-0.00304031,9.10759e-05,0,0,0,0,0,0,
0,0,0.0296086,-0.869525,-1.91932,0.000124931,-0.00304079,9.10759e-05,0,0,0,0,0,0,
0,0,0.0296105,-0.869524,-1.91932,0.000124693,-0.00304127,9.10759e-05,0,0,0,0,0,0,
0,0,0.0296124,-0.869524,-1.91932,0.000124693,-0.00304174,9.10759e-05,0,0,0,0,0,0,
0,0,0.0296143,-0.869523,-1.91932,0.000124693,-0.00304222,9.10759e-05,0,0,0,0,0,0,
0,0,0.0296162,-0.869523,-1.91932,0.000124693,-0.0030427,9.10759e-05,0,0,0,0,0,0,
0,0,0.0296181,-0.869523,-1.91932,0.000124693,-0.00304317,9.10759e-05,0,0,0,0,0,0,
0,0,0.02962,-0.869522,-1.91932,0.000124693,-0.00304365,9.10759e-05,0,0,0,0,0,0,
0,0,0.0296219,-0.869522,-1.91932,0.000124693,-0.00304413,9.10759e-05,0,0,0,0,0,0,
0,0,0.0296238,-0.869521,-1.91932,0.000124693,-0.00304461,9.10759e-05,0,0,0,0,0,0,
0,0,0.0296258,-0.869521,-1.91932,0.000124693,-0.00304508,9.10759e-05,0,0,0,0,0,0,
0,0,0.0296277,-0.86952,-1.91932,0.000124693,-0.00304556,9.10759e-05,0,0,0,0,0,0,
0,0,0.0296296,-0.869519,-1.91932,0.000124693,-0.00304604,9.10759e-05,0,0,0,0,0,0,
0,0,0.0296315,-0.869519,-1.91932,0.000124693,-0.00304651,9.10759e-05,0,0,0,0,0,0,
0,0,0.0296334,-0.869518,-1.91932,0.000124693,-0.00304699,9.10759e-05,0,0,0,0,0,0,
0,0,0.0296353,-0.869518,-1.91932,0.000124693,-0.00304747,9.10759e-05,0,0,0,0,0,0,
0,0,0.0296372,-0.869517,-1.91932,0.000124931,-0.00304794,9.10759e-05,0,0,0,0,0,0,
0,0,0.0296391,-0.869517,-1.91932,0.000124931,-0.00304842,9.10759e-05,0,0,0,0,0,0,
0,0,0.029641,-0.869516,-1.91932,0.000124931,-0.0030489,9.10759e-05,0,0,0,0,0,0,
0,0,0.0296429,-0.869516,-1.91932,0.000124931,-0.00304937,9.10759e-05,0,0,0,0,0,0,
0,0,0.0296448,-0.869515,-1.91932,0.000124931,-0.00304985,9.10759e-05,0,0,0,0,0,0,
0,0,0.0296467,-0.869515,-1.91932,0.000124931,-0.00305033,9.10759e-05,0,0,0,0,0,0,
0,0,0.0296486,-0.869514,-1.91932,0.000124931,-0.0030508,9.10759e-05,0,0,0,0,0,0,
0,0,0.0296505,-0.869514,-1.91932,0.000124931,-0.00305128,9.10759e-05,0,0,0,0,0,0,
0,0,0.0296525,-0.869513,-1.91932,0.000124931,-0.00305176,9.10759e-05,0,0,0,0,0,0,
0,0,0.0296544,-0.869512,-1.91932,0.000124931,-0.00305223,9.10759e-05,0,0,0,0,0,0,
0,0,0.0296563,-0.869512,-1.91932,0.000124931,-0.00305271,9.10759e-05,0,0,0,0,0,0,
0,0,0.0296582,-0.869512,-1.91932,0.00012517,-0.00305319,9.10759e-05,0,0,0,0,0,0,
0,0,0.0296601,-0.869511,-1.91932,0.00012517,-0.00305367,9.10759e-05,0,0,0,0,0,0,
0,0,0.029662,-0.869511,-1.91932,0.00012517,-0.00305414,9.10759e-05,0,0,0,0,0,0,
0,0,0.0296639,-0.86951,-1.91932,0.00012517,-0.00305462,9.10759e-05,0,0,0,0,0,0,
0,0,0.0296658,-0.869509,-1.91932,0.00012517,-0.0030551,9.10759e-05,0,0,0,0,0,0,
0,0,0.0296677,-0.869509,-1.91932,0.00012517,-0.00305557,9.10759e-05,0,0,0,0,0,0,
0,0,0.0296696,-0.869509,-1.91932,0.00012517,-0.00305605,9.10759e-05,0,0,0,0,0,0,
0,0,0.0296715,-0.869508,-1.91932,0.00012517,-0.00305653,9.10759e-05,0,0,0,0,0,0,
0,0,0.0296734,-0.869507,-1.91932,0.00012517,-0.003057,9.10759e-05,0,0,0,0,0,0,
0,0,0.0296753,-0.869507,-1.91932,0.00012517,-0.00305748,9.10759e-05,0,0,0,0,0,0,
0,0,0.0296773,-0.869507,-1.91932,0.000124931,-0.00305796,9.10759e-05,0,0,0,0,0,0,
0,0,0.0296792,-0.869506,-1.91932,0.000124931,-0.00305843,9.10759e-05,0,0,0,0,0,0,
0,0,0.0296811,-0.869505,-1.91932,0.000124931,-0.00305891,9.10759e-05,0,0,0,0,0,0,
0,0,0.029683,-0.869505,-1.91932,0.000124931,-0.00305939,9.10759e-05,0,0,0,0,0,0,
0,0,0.0296849,-0.869504,-1.91932,0.000124931,-0.00305986,9.10759e-05,0,0,0,0,0,0,
0,0,0.0296868,-0.869504,-1.91932,0.000124931,-0.00306034,9.10759e-05,0,0,0,0,0,0,
0,0,0.0296887,-0.869503,-1.91932,0.000124931,-0.00306082,9.10759e-05,0,0,0,0,0,0,
0,0,0.0296906,-0.869503,-1.91932,0.000124931,-0.00306129,9.10759e-05,0,0,0,0,0,0,
0,0,0.0296925,-0.869502,-1.91932,0.00012517,-0.00306177,9.10759e-05,0,0,0,0,0,0,
0,0,0.0296944,-0.869502,-1.91932,0.00012517,-0.00306225,9.10759e-05,0,0,0,0,0,0,
0,0,0.0296963,-0.869501,-1.91931,0.00012517,-0.00306273,9.10759e-05,0,0,0,0,0,0,
0,0,0.0296982,-0.869501,-1.91931,0.00012517,-0.0030632,9.10759e-05,0,0,0,0,0,0,
0,0,0.0297001,-0.8695,-1.91931,0.00012517,-0.00306368,9.10759e-05,0,0,0,0,0,0,
0,0,0.029702,-0.8695,-1.91931,0.00012517,-0.00306416,9.10759e-05,0,0,0,0,0,0,
0,0,0.029704,-0.8695,-1.91931,0.00012517,-0.00306463,9.10759e-05,0,0,0,0,0,0,
0,0,0.0297059,-0.869499,-1.91931,0.00012517,-0.00306511,9.10759e-05,0,0,0,0,0,0,
0,0,0.0297078,-0.869499,-1.91931,0.000125408,-0.00306559,9.10759e-05,0,0,0,0,0,0,
0,0,0.0297097,-0.869498,-1.91931,0.000125408,-0.00306606,9.13143e-05,0,0,0,0,0,0,
0,0,0.0297116,-0.869498,-1.91931,0.000125408,-0.00306654,9.13143e-05,0,0,0,0,0,0,
0,0,0.0297135,-0.869497,-1.91931,0.000125408,-0.00306702,9.13143e-05,0,0,0,0,0,0,
0,0,0.0297154,-0.869497,-1.91931,0.000125408,-0.00306749,9.13143e-05,0,0,0,0,0,0,
0,0,0.0297173,-0.869496,-1.91931,0.000125408,-0.00306797,9.13143e-05,0,0,0,0,0,0,
0,0,0.0297192,-0.869496,-1.91931,0.000125408,-0.00306845,9.13143e-05,0,0,0,0,0,0,
0,0,0.0297211,-0.869495,-1.91931,0.000125408,-0.00306892,9.13143e-05,0,0,0,0,0,0,
0,0,0.029723,-0.869495,-1.91931,0.000125408,-0.0030694,9.13143e-05,0,0,0,0,0,0,
0,0,0.0297249,-0.869494,-1.91931,0.000125408,-0.00306988,9.13143e-05,0,0,0,0,0,0,
0,0,0.0297268,-0.869494,-1.91931,0.000125647,-0.00307035,9.13143e-05,0,0,0,0,0,0,
0,0,0.0297287,-0.869493,-1.91931,0.000125647,-0.00307083,9.13143e-05,0,0,0,0,0,0,
0,0,0.0297307,-0.869493,-1.91931,0.000125885,-0.00307131,9.13143e-05,0,0,0,0,0,0,
0,0,0.0297326,-0.869492,-1.91931,0.000125885,-0.00307178,9.13143e-05,0,0,0,0,0,0,
0,0,0.0297345,-0.869492,-1.91931,0.000125885,-0.00307226,9.13143e-05,0,0,0,0,0,0,
0,0,0.0297364,-0.869491,-1.91931,0.000125647,-0.00307274,9.13143e-05,0,0,0,0,0,0,
0,0,0.0297383,-0.869491,-1.91931,0.000125647,-0.00307322,9.13143e-05,0,0,0,0,0,0,
0,0,0.0297402,-0.86949,-1.91931,0.000125647,-0.00307369,9.13143e-05,0,0,0,0,0,0,
0,0,0.0297421,-0.86949,-1.91931,0.000125647,-0.00307417,9.13143e-05,0,0,0,0,0,0,
0,0,0.029744,-0.869489,-1.91931,0.000125647,-0.00307465,9.13143e-05,0,0,0,0,0,0,
0,0,0.0297459,-0.869489,-1.91931,0.000125647,-0.00307512,9.13143e-05,0,0,0,0,0,0,
0,0,0.0297478,-0.869488,-1.91931,0.000125647,-0.0030756,9.10759e-05,0,0,0,0,0,0,
0,0,0.0297497,-0.869488,-1.91931,0.000125647,-0.00307608,9.10759e-05,0,0,0,0,0,0,
0,0,0.0297516,-0.869487,-1.91931,0.000125408,-0.00307655,9.10759e-05,0,0,0,0,0,0,
0,0,0.0297535,-0.869487,-1.91931,0.000125408,-0.00307703,9.10759e-05,0,0,0,0,0,0,
0,0,0.0297555,-0.869486,-1.91931,0.000125647,-0.00307751,9.10759e-05,0,0,0,0,0,0,
0,0,0.0297574,-0.869486,-1.91931,0.000125647,-0.00307798,9.10759e-05,0,0,0,0,0,0,
0,0,0.0297593,-0.869485,-1.91931,0.000125647,-0.00307846,9.10759e-05,0,0,0,0,0,0,
0,0,0.0297612,-0.869485,-1.91931,0.000125647,-0.00307894,9.13143e-05,0,0,0,0,0,0,
0,0,0.0297631,-0.869484,-1.91931,0.000125647,-0.00307941,9.13143e-05,0,0,0,0,0,0,
0,0,0.029765,-0.869483,-1.91931,0.000125647,-0.00307989,9.13143e-05,0,0,0,0,0,0,
0,0,0.0297669,-0.869483,-1.91931,0.000125885,-0.00308037,9.13143e-05,0,0,0,0,0,0,
0,0,0.0297688,-0.869482,-1.91931,0.000125885,-0.00308084,9.13143e-05,0,0,0,0,0,0,
0,0,0.0297707,-0.869482,-1.91931,0.000125885,-0.00308132,9.13143e-05,0,0,0,0,0,0,
0,0,0.0297726,-0.869481,-1.91931,0.000125885,-0.0030818,9.13143e-05,0,0,0,0,0,0,
0,0,0.0297745,-0.869481,-1.91931,0.000125885,-0.00308228,9.13143e-05,0,0,0,0,0,0,
0,0,0.0297764,-0.86948,-1.91931,0.000125885,-0.00308275,9.13143e-05,0,0,0,0,0,0,
0,0,0.0297783,-0.86948,-1.91931,0.000125885,-0.00308323,9.13143e-05,0,0,0,0,0,0,
0,0,0.0297802,-0.869479,-1.91931,0.000126123,-0.00308371,9.13143e-05,0,0,0,0,0,0,
0,0,0.0297822,-0.869479,-1.91931,0.000126123,-0.00308418,9.13143e-05,0,0,0,0,0,0,
0,0,0.0297841,-0.869479,-1.91931,0.000126362,-0.00308466,9.13143e-05,0,0,0,0,0,0,
0,0,0.029786,-0.869478,-1.91931,0.000126362,-0.00308514,9.13143e-05,0,0,0,0,0,0,
0,0,0.0297879,-0.869477,-1.91931,0.000126362,-0.00308561,9.13143e-05,0,0,0,0,0,0,
0,0,0.0297898,-0.869477,-1.91931,0.000126362,-0.00308609,9.13143e-05,0,0,0,0,0,0,
0,0,0.0297917,-0.869476,-1.91931,0.000126362,-0.00308657,9.13143e-05,0,0,0,0,0,0,
0,0,0.0297936,-0.869476,-1.91931,0.0001266,-0.00308704,9.13143e-05,0,0,0,0,0,0,
0,0,0.0297955,-0.869475,-1.91931,0.000126362,-0.00308752,9.13143e-05,0,0,0,0,0,0,
0,0,0.0297974,-0.869475,-1.91931,0.000126362,-0.003088,9.13143e-05,0,0,0,0,0,0,
0,0,0.0297993,-0.869474,-1.91931,0.000126362,-0.00308847,9.13143e-05,0,0,0,0,0,0,
0,0,0.0298012,-0.869474,-1.91931,0.000126362,-0.00308895,9.13143e-05,0,0,0,0,0,0,
0,0,0.0298031,-0.869473,-1.91931,0.000126362,-0.00308943,9.13143e-05,0,0,0,0,0,0,
0,0,0.029805,-0.869472,-1.91931,0.000126362,-0.0030899,9.13143e-05,0,0,0,0,0,0,
0,0,0.029807,-0.869472,-1.91931,0.000126123,-0.00309038,9.13143e-05,0,0,0,0,0,0,
0,0,0.0298089,-0.869471,-1.91931,0.000126123,-0.00309086,9.13143e-05,0,0,0,0,0,0,
0,0,0.0298108,-0.869471,-1.91931,0.000126123,-0.00309134,9.13143e-05,0,0,0,0,0,0,
0,0,0.0298127,-0.869471,-1.91931,0.000125885,-0.00309181,9.13143e-05,0,0,0,0,0,0,
0,0,0.0298146,-0.86947,-1.91931,0.000126123,-0.00309229,9.13143e-05,0,0,0,0,0,0,
0,0,0.0298165,-0.869469,-1.91931,0.000125885,-0.00309277,9.13143e-05,0,0,0,0,0,0,
0,0,0.0298184,-0.869469,-1.91931,0.000125885,-0.00309324,9.13143e-05,0,0,0,0,0,0,
0,0,0.0298203,-0.869468,-1.91931,0.000125885,-0.00309372,9.13143e-05,0,0,0,0,0,0,
0,0,0.0298222,-0.869468,-1.91931,0.000125885,-0.0030942,9.13143e-05,0,0,0,0,0,0,
0,0,0.0298241,-0.869467,-1.91931,0.000125885,-0.00309467,9.13143e-05,0,0,0,0,0,0,
0,0,0.029826,-0.869467,-1.91931,0.000125885,-0.00309515,9.13143e-05,0,0,0,0,0,0,
0,0,0.0298279,-0.869466,-1.91931,0.000126123,-0.00309563,9.13143e-05,0,0,0,0,0,0,
0,0,0.0298298,-0.869466,-1.91931,0.000125885,-0.0030961,9.13143e-05,0,0,0,0,0,0,
0,0,0.0298317,-0.869465,-1.91931,0.000125885,-0.00309658,9.13143e-05,0,0,0,0,0,0,
0,0,0.0298337,-0.869465,-1.91931,0.000125885,-0.00309706,9.13143e-05,0,0,0,0,0,0,
0,0,0.0298356,-0.869464,-1.91931,0.000125885,-0.00309753,9.13143e-05,0,0,0,0,0,0,
0,0,0.0298375,-0.869464,-1.91931,0.000125885,-0.00309801,9.13143e-05,0,0,0,0,0,0,
0,0,0.0298394,-0.869463,-1.91931,0.000125885,-0.00309849,9.13143e-05,0,0,0,0,0,0,
0,0,0.0298413,-0.869463,-1.91931,0.000125885,-0.00309896,9.13143e-05,0,0,0,0,0,0,
0,0,0.0298432,-0.869462,-1.91931,0.000125885,-0.00309944,9.13143e-05,0,0,0,0,0,0,
0,0,0.0298451,-0.869462,-1.91931,0.000125885,-0.00309992,9.13143e-05,0,0,0,0,0,0,
0,0,0.029847,-0.869461,-1.91931,0.000125885,-0.0031004,9.15527e-05,0,0,0,0,0,0,
0,0,0.0298489,-0.869461,-1.91931,0.000125885,-0.00310087,9.15527e-05,0,0,0,0,0,0,
0,0,0.0298508,-0.86946,-1.91931,0.000125885,-0.00310135,9.15527e-05,0,0,0,0,0,0,
0,0,0.0298527,-0.86946,-1.91931,0.000125885,-0.00310183,9.15527e-05,0,0,0,0,0,0,
0,0,0.0298546,-0.869459,-1.91931,0.000125885,-0.0031023,9.15527e-05,0,0,0,0,0,0,
0,0,0.0298565,-0.869459,-1.91931,0.000125885,-0.00310278,9.15527e-05,0,0,0,0,0,0,
0,0,0.0298584,-0.869458,-1.91931,0.000125885,-0.00310326,9.15527e-05,0,0,0,0,0,0,
0,0,0.0298604,-0.869458,-1.91931,0.000125885,-0.00310373,9.15527e-05,0,0,0,0,0,0,
0,0,0.0298623,-0.869457,-1.91931,0.000126123,-0.00310421,9.15527e-05,0,0,0,0,0,0,
0,0,0.0298642,-0.869457,-1.91931,0.000126123,-0.00310469,9.15527e-05,0,0,0,0,0,0,
0,0,0.0298661,-0.869456,-1.91931,0.000126123,-0.00310516,9.15527e-05,0,0,0,0,0,0,
0,0,0.029868,-0.869456,-1.91931,0.000126123,-0.00310564,9.15527e-05,0,0,0,0,0,0,
0,0,0.0298699,-0.869456,-1.91931,0.000126123,-0.00310612,9.15527e-05,0,0,0,0,0,0,
0,0,0.0298718,-0.869455,-1.91931,0.000126123,-0.00310659,9.15527e-05,0,0,0,0,0,0,
0,0,0.0298737,-0.869454,-1.91931,0.000126362,-0.00310707,9.15527e-05,0,0,0,0,0,0,
0,0,0.0298756,-0.869454,-1.91931,0.000126362,-0.00310755,9.15527e-05,0,0,0,0,0,0,
0,0,0.0298775,-0.869453,-1.91931,0.000126123,-0.00310802,9.15527e-05,0,0,0,0,0,0,
0,0,0.0298794,-0.869453,-1.91931,0.000126123,-0.0031085,9.15527e-05,0,0,0,0,0,0,
0,0,0.0298813,-0.869452,-1.9193,0.000126123,-0.00310898,9.15527e-05,0,0,0,0,0,0,
0,0,0.0298832,-0.869452,-1.9193,0.000126123,-0.00310946,9.15527e-05,0,0,0,0,0,0,
0,0,0.0298852,-0.869451,-1.9193,0.000126123,-0.00310993,9.17912e-05,0,0,0,0,0,0,
0,0,0.0298871,-0.869451,-1.9193,0.000126123,-0.00311041,9.17912e-05,0,0,0,0,0,0,
0,0,0.029889,-0.869451,-1.9193,0.000126123,-0.00311089,9.17912e-05,0,0,0,0,0,0,
0,0,0.0298909,-0.86945,-1.9193,0.000126123,-0.00311136,9.17912e-05,0,0,0,0,0,0,
0,0,0.0298928,-0.86945,-1.9193,0.000126362,-0.00311184,9.17912e-05,0,0,0,0,0,0,
0,0,0.0298947,-0.869449,-1.9193,0.000126362,-0.00311232,9.17912e-05,0,0,0,0,0,0,
0,0,0.0298966,-0.869449,-1.9193,0.0001266,-0.00311279,9.17912e-05,0,0,0,0,0,0,
0,0,0.0298985,-0.869448,-1.9193,0.0001266,-0.00311327,9.17912e-05,0,0,0,0,0,0,
0,0,0.0299004,-0.869448,-1.9193,0.0001266,-0.00311375,9.17912e-05,0,0,0,0,0,0,
0,0,0.0299023,-0.869447,-1.9193,0.0001266,-0.00311422,9.17912e-05,0,0,0,0,0,0,
0,0,0.0299042,-0.869447,-1.9193,0.0001266,-0.0031147,9.20296e-05,0,0,0,0,0,0,
0,0,0.0299061,-0.869446,-1.9193,0.0001266,-0.00311518,9.20296e-05,0,0,0,0,0,0,
0,0,0.029908,-0.869446,-1.9193,0.0001266,-0.00311565,9.20296e-05,0,0,0,0,0,0,
0,0,0.0299099,-0.869445,-1.9193,0.0001266,-0.00311613,9.20296e-05,0,0,0,0,0,0,
0,0,0.0299119,-0.869445,-1.9193,0.0001266,-0.00311661,9.20296e-05,0,0,0,0,0,0,
0,0,0.0299138,-0.869444,-1.9193,0.0001266,-0.00311708,9.20296e-05,0,0,0,0,0,0,
0,0,0.0299157,-0.869444,-1.9193,0.0001266,-0.00311756,9.20296e-05,0,0,0,0,0,0,
0,0,0.0299176,-0.869443,-1.9193,0.0001266,-0.00311804,9.20296e-05,0,0,0,0,0,0,
0,0,0.0299195,-0.869443,-1.9193,0.0001266,-0.00311852,9.20296e-05,0,0,0,0,0,0,
0,0,0.0299214,-0.869442,-1.9193,0.0001266,-0.00311899,9.20296e-05,0,0,0,0,0,0,
0,0,0.0299233,-0.869442,-1.9193,0.0001266,-0.00311947,9.20296e-05,0,0,0,0,0,0,
0,0,0.0299252,-0.869441,-1.9193,0.0001266,-0.00311995,9.20296e-05,0,0,0,0,0,0,
0,0,0.0299271,-0.869441,-1.9193,0.000126362,-0.00312042,9.20296e-05,0,0,0,0,0,0,
0,0,0.029929,-0.86944,-1.9193,0.000126362,-0.0031209,9.20296e-05,0,0,0,0,0,0,
0,0,0.0299309,-0.86944,-1.9193,0.000126362,-0.00312138,9.20296e-05,0,0,0,0,0,0,
0,0,0.0299328,-0.869439,-1.9193,0.000126362,-0.00312185,9.20296e-05,0,0,0,0,0,0,
0,0,0.0299347,-0.869439,-1.9193,0.000126362,-0.00312233,9.20296e-05,0,0,0,0,0,0,
0,0,0.0299367,-0.869438,-1.9193,0.0001266,-0.00312281,9.20296e-05,0,0,0,0,0,0,
0,0,0.0299386,-0.869438,-1.9193,0.0001266,-0.00312328,9.20296e-05,0,0,0,0,0,0,
0,0,0.0299405,-0.869437,-1.9193,0.0001266,-0.00312376,9.20296e-05,0,0,0,0,0,0,
0,0,0.0299424,-0.869437,-1.9193,0.0001266,-0.00312424,9.20296e-05,0,0,0,0,0,0,
0,0,0.0299443,-0.869436,-1.9193,0.0001266,-0.00312471,9.20296e-05,0,0,0,0,0,0,
0,0,0.0299462,-0.869436,-1.9193,0.0001266,-0.00312519,9.20296e-05,0,0,0,0,0,0,
0,0,0.0299481,-0.869435,-1.9193,0.0001266,-0.00312567,9.20296e-05,0,0,0,0,0,0,
0,0,0.02995,-0.869435,-1.9193,0.0001266,-0.00312614,9.20296e-05,0,0,0,0,0,0,
0,0,0.0299519,-0.869434,-1.9193,0.0001266,-0.00312662,9.20296e-05,0,0,0,0,0,0,
0,0,0.0299538,-0.869434,-1.9193,0.0001266,-0.0031271,9.20296e-05,0,0,0,0,0,0,
0,0,0.0299557,-0.869433,-1.9193,0.0001266,-0.00312757,9.20296e-05,0,0,0,0,0,0,
0,0,0.0299576,-0.869433,-1.9193,0.0001266,-0.00312805,9.20296e-05,0,0,0,0,0,0,
0,0,0.0299595,-0.869432,-1.9193,0.0001266,-0.00312853,9.20296e-05,0,0,0,0,0,0,
0,0,0.0299614,-0.869432,-1.9193,0.0001266,-0.00312901,9.20296e-05,0,0,0,0,0,0,
0,0,0.0299634,-0.869431,-1.9193,0.0001266,-0.00312948,9.20296e-05,0,0,0,0,0,0,
0,0,0.0299653,-0.869431,-1.9193,0.0001266,-0.00312996,9.20296e-05,0,0,0,0,0,0,
0,0,0.0299672,-0.86943,-1.9193,0.0001266,-0.00313044,9.20296e-05,0,0,0,0,0,0,
0,0,0.0299691,-0.86943,-1.9193,0.0001266,-0.00313091,9.20296e-05,0,0,0,0,0,0,
0,0,0.029971,-0.869429,-1.9193,0.0001266,-0.00313139,9.20296e-05,0,0,0,0,0,0,
0,0,0.0299729,-0.869429,-1.9193,0.0001266,-0.00313187,9.20296e-05,0,0,0,0,0,0,
0,0,0.0299748,-0.869429,-1.9193,0.0001266,-0.00313234,9.20296e-05,0,0,0,0,0,0,
0,0,0.0299767,-0.869428,-1.9193,0.0001266,-0.00313282,9.2268e-05,0,0,0,0,0,0,
0,0,0.0299786,-0.869428,-1.9193,0.0001266,-0.0031333,9.2268e-05,0,0,0,0,0,0,
0,0,0.0299805,-0.869427,-1.9193,0.0001266,-0.00313377,9.2268e-05,0,0,0,0,0,0,
0,0,0.0299824,-0.869426,-1.9193,0.0001266,-0.00313425,9.2268e-05,0,0,0,0,0,0,
0,0,0.0299843,-0.869426,-1.9193,0.000126362,-0.00313473,9.2268e-05,0,0,0,0,0,0,
0,0,0.0299862,-0.869425,-1.9193,0.000126362,-0.0031352,9.2268e-05,0,0,0,0,0,0,
0,0,0.0299881,-0.869425,-1.9193,0.000126362,-0.00313568,9.2268e-05,0,0,0,0,0,0,
0,0,0.0299901,-0.869424,-1.9193,0.000126362,-0.00313616,9.2268e-05,0,0,0,0,0,0,
0,0,0.029992,-0.869424,-1.9193,0.000126362,-0.00313663,9.2268e-05,0,0,0,0,0,0,
0,0,0.0299939,-0.869423,-1.9193,0.000126362,-0.00313711,9.2268e-05,0,0,0,0,0,0,
0,0,0.0299958,-0.869423,-1.9193,0.0001266,-0.00313759,9.2268e-05,0,0,0,0,0,0,
0,0,0.0299977,-0.869422,-1.9193,0.0001266,-0.00313807,9.2268e-05,0,0,0,0,0,0,
